{"pl_disc": "2011", "pl_mnum": "0", "st_rad": "", "st_spstr": "M1.5 V", "pl_pelink": "http://exoplanet.eu/catalog/gj_667c_c/", "pl_masse": "", "pl_facility": "La Silla Observatory", "pl_dens": "", "pl_eqt": "", "pl_cbflag": "0", "pl_pnum": "5", "ra": "259.745085", "pl_discmethod": "Radial Velocity", "st_age": "2.000", "pl_massj": "", "pl_rade": "", "pl_radj": "", "pl_name": "GJ 667 C c", "pl_ratdor": "", "rowupdate": "2014-05-14", "st_dist": "6.80", "pl_telescope": "3.6 m ESO Telescope", "pl_edelink": "http://exoplanets.org/detail/GJ_667_C_c", "pl_orbper": "28.14000000", "dec": "-34.996827"}