{"pl_disc": "2011", "pl_mnum": "0", "st_rad": "0.98", "st_spstr": "G5 V", "pl_pelink": "http://exoplanet.eu/catalog/kepler-22_b/", "pl_masse": "36.00000", "pl_facility": "Kepler", "pl_dens": "14.70000", "pl_eqt": "262", "pl_cbflag": "0", "pl_pnum": "1", "ra": "289.217484", "pl_discmethod": "Transit", "st_age": "", "pl_massj": "0.11300", "pl_rade": "2.380", "pl_radj": "0.212", "pl_name": "Kepler-22 b", "pl_ratdor": "186.400000", "rowupdate": "2014-05-14", "st_dist": "190.00", "pl_telescope": "0.95 m Kepler Telescope", "pl_edelink": "http://exoplanets.org/detail/Kepler-22_b", "pl_orbper": "289.86230000", "dec": "47.884464"}