{"pl_disc": "2013", "pl_mnum": "0", "st_rad": "0.64", "st_spstr": "K2 V", "pl_pelink": "http://exoplanet.eu/catalog/kepler-62_f/", "pl_masse": "35.00000", "pl_facility": "Kepler", "pl_dens": "", "pl_eqt": "208", "pl_cbflag": "0", "pl_pnum": "5", "ra": "283.212747", "pl_discmethod": "Transit", "st_age": "7.000", "pl_massj": "0.11000", "pl_rade": "1.410", "pl_radj": "0.126", "pl_name": "Kepler-62 f", "pl_ratdor": "243.000000", "rowupdate": "2014-05-14", "st_dist": "368.00", "pl_telescope": "0.95 m Kepler Telescope", "pl_edelink": "http://exoplanets.org/detail/Kepler-62_f", "pl_orbper": "267.29100000", "dec": "45.349865"}