{"pl_disc": "2013", "pl_mnum": "0", "st_rad": "0.93", "st_spstr": "G4 V", "pl_pelink": "http://exoplanet.eu/catalog/kepler-69_c/", "pl_masse": "", "pl_facility": "Kepler", "pl_dens": "", "pl_eqt": "299", "pl_cbflag": "0", "pl_pnum": "2", "ra": "293.260938", "pl_discmethod": "Transit", "st_age": "", "pl_massj": "", "pl_rade": "1.710", "pl_radj": "0.153", "pl_name": "Kepler-69 c", "pl_ratdor": "148.000000", "rowupdate": "2014-05-14", "st_dist": "", "pl_telescope": "0.95 m Kepler Telescope", "pl_edelink": "http://exoplanets.org/detail/Kepler-69_c", "pl_orbper": "242.46130000", "dec": "44.868896"}