{"pl_disc": "2014", "pl_mnum": "0", "st_rad": "0.52", "st_spstr": "M1", "pl_pelink": "http://exoplanet.eu/catalog/kepler-186_f/", "pl_masse": "", "pl_facility": "Kepler", "pl_dens": "", "pl_eqt": "", "pl_cbflag": "0", "pl_pnum": "5", "ra": "298.652714", "pl_discmethod": "Transit", "st_age": "4.000", "pl_massj": "", "pl_rade": "1.170", "pl_radj": "0.104", "pl_name": "Kepler-186 f", "pl_ratdor": "178.000000", "rowupdate": "2015-01-14", "st_dist": "172.00", "pl_telescope": "0.95 m Kepler Telescope", "pl_edelink": "http://exoplanets.org/detail/Kepler-186_f", "pl_orbper": "129.94410000", "dec": "43.955017"}