{"pl_disc": "2015", "pl_mnum": "0", "st_rad": "1.11", "st_spstr": "G2", "pl_pelink": "", "pl_masse": "", "pl_facility": "Kepler", "pl_dens": "", "pl_eqt": "265", "pl_cbflag": "0", "pl_pnum": "1", "ra": "296.003688", "pl_discmethod": "Transit", "st_age": "6.000", "pl_massj": "", "pl_rade": "1.630", "pl_radj": "0.145", "pl_name": "Kepler-452 b", "pl_ratdor": "", "rowupdate": "2015-07-23", "st_dist": "", "pl_telescope": "0.95 m Kepler Telescope", "pl_edelink": "", "pl_orbper": "384.84300000", "dec": "44.277561"}